<?xml version="1.0" encoding="UTF-8"?>
<project-private xmlns="http://www.netbeans.org/ns/project-private/1">
    <editor-bookmarks xmlns="http://www.netbeans.org/ns/editor-bookmarks/2" lastBookmarkId="0"/>
    <open-files xmlns="http://www.netbeans.org/ns/projectui-open-files/2">
        <group>
            <file>file:/C:/Users/Raúl/Documents/NetBeansProjects/ProjetosCliente/src/java/Bundle.properties</file>
            <file>file:/C:/Users/Raúl/Documents/NetBeansProjects/ProjetosCliente/web/usuario/View.xhtml</file>
            <file>file:/C:/Users/Raúl/Documents/NetBeansProjects/ProjetosCliente/web/usuario/Edit.xhtml</file>
            <file>file:/C:/Users/Raúl/Documents/NetBeansProjects/ProjetosCliente/web/usuario/Create.xhtml</file>
            <file>file:/C:/Users/Raúl/Documents/NetBeansProjects/ProjetosCliente/web/usuarioProjeto/List.xhtml</file>
            <file>file:/C:/Users/Raúl/Documents/NetBeansProjects/ProjetosCliente/web/usuario/List.xhtml</file>
        </group>
    </open-files>
</project-private>
